"id","upshift"
1,1
2,1.57151042
3,1.93617653423579
4,2.15903331729574
5,2.63219847881202
