"id","upshift"
1,1
2,1.57151042
3,1.99619535158094
4,2.22962198352299
5,2.59090909090909
