"id","upshift"
1,1
2,1.57151042
3,1.90580513762032
4,2.12866192068028
5,2.59090909090909
