"id","upshift"
1,1
2,1.57151042
3,1.70980968117708
4,1.90973304294625
5,2.59090909090909
