"id","upshift"
1,1
2,1.57151042
3,1.76495718534861
4,1.97134380526112
5,2.59090909090909
