"","grade_2cat","mean_week_spend","se_week_spend","median_week_spend","se_median_week_spend","sample_tkit","upshift"
"1","ABC1",43.4816998882866,0.137155640342112,33.8009732583943,0.171856017348666,7609,1.718739869
"2","C2DE",44.2168771592383,0.146428718687548,35.6426021450629,0.183475184515497,11376,1.718739869
