"","mean_week_spend","se_week_spend","median_week_spend","se_median_week_spend","sample_tkit","upshift"
"1",49.8017901680973,0.112071079055632,39.5028409235738,0.140425062056707,18985,1.718739869
