"","Sex","mean_week_spend","se_week_spend","median_week_spend","se_median_week_spend","sample_tkit","upshift"
"1","Male",29.3718177658599,0.0933771136991803,23.4252297410192,0.117001523465073,9984,1
"2","Female",28.5379662494188,0.0908927976543451,22.6942446043165,0.113888675460894,8994,1
