"","Sex","mean_week_spend","se_week_spend","median_week_spend","se_median_week_spend","sample_tkit","upshift"
"1","Male",46.5865136797438,0.164286904819388,36.8692559686147,0.205851491738693,10886,1.95082416677155
"2","Female",46.3070098222407,0.159210035716227,38.2083321438143,0.199490174752433,9532,1.95082416677155
