"","grade_2cat","mean_week_spend","se_week_spend","median_week_spend","se_median_week_spend","sample_tkit","upshift"
"1","ABC1",38.8661756214589,0.122596752627102,30.2130451710073,0.153613731041759,7609,1.53629793149261
"2","C2DE",39.523314808729,0.130885506113079,31.8591876153623,0.163999539159688,11376,1.53629793149261
