"","Ageband","mean_week_spend","se_week_spend","median_week_spend","se_median_week_spend","sample_tkit","upshift"
"1","16-24",35.6118985192239,0.247548710123167,24.3990344699657,0.310178533784328,3779,1.93693224329073
"2","25-34",44.4353662592531,0.283491286464983,35.2005658905578,0.355214581940623,4057,1.93693224329073
"3","35-44",48.3917154677213,0.30133324728233,38.7386448658146,0.37757055884476,3241,1.93693224329073
"4","45-54",50.6461520581204,0.307506281000683,40.7838690896789,0.385305370093855,3402,1.93693224329073
"5","55-64",51.2915463259784,0.316082921000147,40.7838690896789,0.396051900013184,2958,1.93693224329073
"6","65+",49.6873091348796,0.243008099909759,40.2010937072254,0.304489149186928,2892,1.93693224329073
