"","Ageband","mean_week_spend","se_week_spend","median_week_spend","se_median_week_spend","sample_tkit","upshift"
"1","16-24",35.2219145584542,0.227461593731001,23.4902004854592,0.285009376944945,3543,1.79642115272792
"2","25-34",43.557663652088,0.258774701192166,35.2725867607053,0.324244700593783,3833,1.79642115272792
"3","35-44",47.6758695412994,0.273451680205839,39.6109263088135,0.342634955297916,3056,1.79642115272792
"4","45-54",50.0526313139237,0.278522866262989,40.07525637375,0.348989151427525,3209,1.79642115272792
"5","55-64",51.4534022425423,0.285674581389896,41.5747982399333,0.35795025048154,2735,1.79642115272792
"6","65+",52.6148733251288,0.215536199473426,42.4078810290923,0.270066857940203,2531,1.79642115272792
