"","grade_2cat","mean_week_spend","se_week_spend","median_week_spend","se_median_week_spend","sample_tkit","upshift"
"1","ABC1",49.2816032686967,0.155450450897042,38.309591356725,0.194779414973994,7609,1.718739869
"2","C2DE",50.1148437972935,0.165960439450236,40.3968700140486,0.207948430631145,11376,1.718739869
