"","Ageband","mean_week_spend","se_week_spend","median_week_spend","se_median_week_spend","sample_tkit","upshift"
"1","16-24",18.3857223930154,0.12780452748445,12.5967413441955,0.160139072938016,3779,1
"2","25-34",22.9411051487067,0.146360972329806,18.1733594515181,0.183390298329246,4057,1
"3","35-44",24.9836903873863,0.155572425584895,20,0.194932249257873,3241,1
"4","45-54",26.1476116335777,0.158759441413525,21.0559090184743,0.198925580091147,3402,1
"5","55-64",26.4808159932519,0.163187391864127,21.0559090184743,0.204473802005751,2958,1
"6","65+",25.6525799015374,0.125460299786689,20.755033557047,0.157201755632721,2892,1
