"","Sex","mean_week_spend","se_week_spend","median_week_spend","se_median_week_spend","sample_tkit","upshift"
"1","Male",46.2547686181946,0.16311700896228,36.6067080201964,0.204385612229737,10886,1.93693224329073
"2","Female",45.9772551226458,0.158076292516189,37.9362485621607,0.198069594522784,9532,1.93693224329073
