"","Sex","mean_week_spend","se_week_spend","median_week_spend","se_median_week_spend","sample_tkit","upshift"
"1","Male",36.8826075651405,0.117254964183234,29.4153927601143,0.146920470121592,9984,1.42321039344611
"2","Female",35.8355284060072,0.114135373340071,28.4974843709272,0.143011622795109,8994,1.42321039344611
