"","grade_2cat","mean_week_spend","se_week_spend","median_week_spend","se_median_week_spend","sample_tkit","upshift"
"1","ABC1",35.9994709155751,0.114470790504688,27.8913305635703,0.143431900502374,7510,1.41711408724365
"2","C2DE",36.6310234000625,0.122618575274556,29.4369458592846,0.153641074819018,11211,1.41711408724365
