"","grade_2cat","mean_week_spend","se_week_spend","median_week_spend","se_median_week_spend","sample_tkit","upshift"
"1","ABC1",36.0052200579482,0.113572354010862,27.9890501858957,0.14230615957561,7609,1.42321039344611
"2","C2DE",36.613986952762,0.121250968860323,29.5140193913301,0.151927463981985,11376,1.42321039344611
