"","Sex","mean_week_spend","se_week_spend","median_week_spend","se_median_week_spend","sample_tkit","upshift"
"1","Male",41.0442415994871,0.144742134159115,32.4830198707729,0.181361894101371,10886,1.718739869
"2","Female",40.7979895632388,0.140269246501721,33.66278975939,0.175757365866657,9532,1.718739869
