"","grade_2cat","mean_week_spend","se_week_spend","median_week_spend","se_median_week_spend","sample_tkit","upshift"
"1","ABC1",40.8078565248532,0.128721455394688,31.7224319811041,0.161287983609543,7609,1.42321039344611
"2","C2DE",41.4978251477545,0.137424299387367,33.4508126003595,0.17219264713237,11376,1.42321039344611
