"","Ageband","mean_week_spend","se_week_spend","median_week_spend","se_median_week_spend","sample_tkit","upshift"
"1","16-24",27.9044781901737,0.180205907627056,18.6100555675776,0.225798002256702,3543,1.42321039344611
"2","25-34",34.5084556200784,0.205013642674125,27.9446231221085,0.256882094270679,3833,1.42321039344611
"3","35-44",37.7710944589589,0.216641444453753,31.3816623296406,0.271451729900552,3056,1.42321039344611
"4","45-54",39.6540783307574,0.220659079568255,31.7495267212414,0.276485826699024,3209,1.42321039344611
"5","55-64",40.7638357734483,0.226325008898982,32.9375352047304,0.283585236150425,2735,1.42321039344611
"6","65+",41.6840084812313,0.170758042338034,33.5975430666572,0.213959827049556,2531,1.42321039344611
