"","grade_2cat","mean_week_spend","se_week_spend","median_week_spend","se_median_week_spend","sample_tkit","upshift"
"1","ABC1",28.6731018216095,0.0904444318193925,22.2893481717011,0.113326873069699,7609,1
"2","C2DE",29.1578991685643,0.0965593702942349,23.5037720033529,0.120988890978676,11376,1
