"","mean_week_spend","se_week_spend","median_week_spend","se_median_week_spend","sample_tkit","upshift"
"1",36.3934537172399,0.0826475697138268,29.2893922459548,0.103557404851425,18721,1.41711408724365
