"","Sex","mean_week_spend","se_week_spend","median_week_spend","se_median_week_spend","sample_tkit","upshift"
"1","Male",25.9150774439149,0.0823876530997761,20.6683375104428,0.103231729334019,9984,1
"2","Female",25.179361091677,0.0801957137649251,20.023381294964,0.100485229347451,8994,1
