"","mean_week_spend","se_week_spend","median_week_spend","se_median_week_spend","sample_tkit","upshift"
"1",23.8115862897549,0.0586916367464283,19.1520947176685,0.0735406208432747,20427,1
"2",37.4201559710789,0.092234518713867,30.097716413643,0.115569851948475,20427,2
"3",40.7132807624062,0.100351528713171,32.7464369630899,0.125740465477604,20427,3
"4",45.4737731425108,0.112085358039253,36.5753881239679,0.140442953623184,20427,4
"5",61.6936553870921,0.152064695206655,49.6213363139593,0.190537063093939,20427,5
