"","mean_week_spend","se_week_spend","median_week_spend","se_median_week_spend","sample_tkit","upshift"
"1",39.2764235445602,0.0883854004690903,31.1541072337108,0.11074690678777,18985,1.53629793149261
