"","Sex","mean_week_spend","se_week_spend","median_week_spend","se_median_week_spend","sample_tkit","upshift"
"1","Male",41.8022763187768,0.132895278726673,33.3390304362815,0.166517784244521,9984,1.42321039344611
"2","Female",40.6155301739872,0.129359574311058,32.2986847922716,0.162087546611756,8994,1.42321039344611
