"","mean_week_spend","se_week_spend","median_week_spend","se_median_week_spend","sample_tkit","upshift"
"1",41.8461725597589,0.0941682155860448,33.1924352981894,0.117992774129314,18985,1.63681370508452
