"","Ageband","mean_week_spend","se_week_spend","median_week_spend","se_median_week_spend","sample_tkit","upshift"
"1","16-24",28.2770770660996,0.182612134977357,18.858549222902,0.228813005126628,3543,1.4422140311128
"2","25-34",34.969235129602,0.207751119156905,28.3177580394688,0.260312152303602,3833,1.4422140311128
"3","35-44",38.2754388599539,0.219534182964479,31.8006908464623,0.275076331254492,3056,1.4422140311128
"4","45-54",40.1835655661475,0.223605464175401,32.1734672044461,0.280177646611778,3209,1.4422140311128
"5","55-64",41.3081412173309,0.229347048706893,33.3773387555946,0.287371852029737,2735,1.4422140311128
"6","65+",42.2406006740092,0.173038115600714,34.0461594749338,0.216816758847695,2531,1.4422140311128
