"","Sex","mean_week_spend","se_week_spend","median_week_spend","se_median_week_spend","sample_tkit","upshift"
"1","Male",43.2007622943423,0.137341261096169,34.454380379154,0.1720886001535,9984,1.66701266426222
"2","Female",41.9743138178569,0.133687270465678,33.3792302000563,0.167510149893495,8994,1.66701266426222
