"","grade_2cat","mean_week_spend","se_week_spend","median_week_spend","se_median_week_spend","sample_tkit","upshift"
"1","ABC1",44.6962036632558,0.156500652035236,33.6117282587431,0.19609531700015,8329,1.92920994856165
"2","C2DE",46.705202377744,0.167878240887594,37.9099715070812,0.210351435832155,12098,1.92920994856165
