"","Sex","mean_week_spend","se_week_spend","median_week_spend","se_median_week_spend","sample_tkit","upshift"
"1","Male",44.5412768110791,0.141602944095927,35.5234957051462,0.177428488952196,9984,1.718739869
"2","Female",43.2767717842125,0.137835570570689,34.4149837438435,0.172707969925073,8994,1.718739869
