"","Sex","mean_week_spend","se_week_spend","median_week_spend","se_median_week_spend","sample_tkit","upshift"
"1","Male",46.5543932948309,0.148002922752048,37.1290386954793,0.185447662208316,9984,1.79642115272792
"2","Female",45.2327368772629,0.144065276565425,35.97042570741,0.180513791536478,8994,1.79642115272792
