"","grade_2cat","mean_week_spend","se_week_spend","median_week_spend","se_median_week_spend","sample_tkit","upshift"
"1","ABC1",41.4090832366207,0.130617922985769,32.1898021174809,0.163664257501168,7609,1.63681370508452
"2","C2DE",42.1092172443693,0.139448986951814,33.9436471616019,0.174729580650623,11376,1.63681370508452
