"","Ageband","mean_week_spend","se_week_spend","median_week_spend","se_median_week_spend","sample_tkit","upshift"
"1","16-24",35.4699185520979,0.246561765894221,24.3017587206798,0.308941892665459,3779,1.92920994856165
"2","25-34",44.2582082838839,0.282361043899817,35.0602258526556,0.353798388006471,4057,1.92920994856165
"3","35-44",48.1987840471298,0.300131871160246,38.584198971233,0.376065234563788,3241,1.92920994856165
"4","45-54",50.4442324946244,0.306280293803063,40.6212691544496,0.383769208135238,3402,1.92920994856165
"5","55-64",51.087053660212,0.314822739864102,40.6212691544496,0.39447289304972,2958,1.92920994856165
"6","65+",49.4892123523187,0.242039258498007,40.0408172209859,0.303275190898003,2892,1.92920994856165
