"","mean_week_spend","se_week_spend","median_week_spend","se_median_week_spend","sample_tkit","upshift"
"1",40.9259227003355,0.100875656052952,32.9174687661211,0.126397197034349,20427,1.718739869
