"","grade_2cat","mean_week_spend","se_week_spend","median_week_spend","se_median_week_spend","sample_tkit","upshift"
"1","ABC1",45.1969648685627,0.158254032607217,33.9883027365691,0.198292302856843,8329,1.95082416677155
"2","C2DE",47.2284717277091,0.16975909213136,38.334702053954,0.212708142440594,12098,1.95082416677155
