"","mean_week_spend","se_week_spend","median_week_spend","se_median_week_spend","sample_tkit","upshift"
"1",36.8711094161662,0.0829726201467968,29.2462091227301,0.103964693043936,18985,1.4422140311128
