"","Ageband","mean_week_spend","se_week_spend","median_week_spend","se_median_week_spend","sample_tkit","upshift"
"1","16-24",32.6846394228569,0.211075981156784,21.7980408635557,0.264478204389451,3543,1.66701266426222
"2","25-34",40.4199075608983,0.240133391561855,32.7316613601963,0.300887139627004,3833,1.66701266426222
"3","35-44",44.2414509450484,0.253753087506623,36.7574806718782,0.317952618645799,3056,1.66701266426222
"4","45-54",46.4469983295704,0.258458961386621,37.1883618700156,0.323849078617436,3209,1.66701266426222
"5","55-64",47.7468621583789,0.265095489613672,38.5798814909704,0.332164648485931,2735,1.66701266426222
"6","65+",48.8246645439197,0.200009654519787,39.3529516353505,0.250612097113293,2531,1.66701266426222
