"","mean_week_spend","se_week_spend","median_week_spend","se_median_week_spend","sample_tkit","upshift"
"1",44.1396218113185,0.100238699496244,35.5234957051462,0.125599090468794,18721,1.718739869
