"","Ageband","mean_week_spend","se_week_spend","median_week_spend","se_median_week_spend","sample_tkit","upshift"
"1","16-24",22.2219984529467,0.143508700403166,14.8202959830867,0.179816401605166,3543,1
"2","25-34",27.4811391267299,0.163264577796035,22.2539682539682,0.204570515978432,3833,1
"3","35-44",30.0793728129508,0.172524489104789,24.9910873440285,0.2161731848483,3056,1
"4","45-54",31.5789050529324,0.175723971305836,25.2840396753832,0.220182136046212,3209,1
"5","55-64",32.4626710207657,0.180236088391984,26.2301216089803,0.225835818755156,2735,1
"6","65+",33.1954593692681,0.135984802396349,26.7557251908397,0.170388957402625,2531,1
