"","mean_week_spend","se_week_spend","sample_tkit","upshift"
"1",23.8115862897549,0.059162884088381,20427,1
"2",37.4201559710789,0.092975088822143,20427,2
"3",46.1034346171539,0.114549787869635,20427,3
"4",51.4100081372433,0.127734637894121,20427,4
"5",62.676821209994,0.155728453499569,20427,5
