"","mean_week_spend","se_week_spend","sample_tkit","upshift"
"1",25.5656293870035,0.0579881980680408,18985,1
"2",40.1766529755343,0.09112905750095,18985,2
"3",45.1222412845516,0.102346686845607,18985,3
"4",50.3986451196711,0.114314675039687,18985,4
"5",66.2382215936,0.150242149539924,18985,5
