"","Sex","mean_week_spend","se_week_spend","median_week_spend","se_median_week_spend","sample_tkit","upshift"
"1","Male",37.3750883069889,0.118820629290951,29.8081663573356,0.148882248501562,9984,1.4422140311128
"2","Female",36.3140278608722,0.115659383626881,28.8780014539187,0.144921207684482,8994,1.4422140311128
