"","mean_week_spend","se_week_spend","median_week_spend","se_median_week_spend","sample_tkit","upshift"
"1",45.9375491612293,0.113228489508576,36.9484116651211,0.141875297354246,20427,1.92920994856165
