"","Ageband","mean_week_spend","se_week_spend","median_week_spend","se_median_week_spend","sample_tkit","upshift"
"1","16-24",28.1713752739982,0.192115217328992,18.7149835507515,0.240720367313227,3357,1.41711408724365
"2","25-34",34.3606390266901,0.204135468971081,27.8249226336571,0.255781742620765,3833,1.41711408724365
"3","35-44",37.6093023876782,0.215713463188569,31.2472393212192,0.270288969375277,3056,1.41711408724365
"4","45-54",39.4842205185928,0.219713888806864,31.6135279697096,0.275301502675,3209,1.41711408724365
"5","55-64",40.5892243273781,0.225355548191081,32.7964476318128,0.282370501883425,2735,1.41711408724365
"6","65+",41.5054554854003,0.170026602125526,33.4536283572594,0.213043332463284,2531,1.41711408724365
