"","Sex","mean_week_spend","se_week_spend","median_week_spend","se_median_week_spend","sample_tkit","upshift"
"1","Male",42.4181539285266,0.134853239723463,33.8302180984052,0.168971109373499,9984,1.63681370508452
"2","Female",41.2139233201288,0.131265443379465,32.7745449257301,0.164475600554469,8994,1.63681370508452
