"","Ageband","mean_week_spend","se_week_spend","median_week_spend","se_median_week_spend","sample_tkit","upshift"
"1","16-24",31.6265791613771,0.204243073963729,21.0923992770766,0.255916571676553,3543,1.42321039344611
"2","25-34",39.1114428289005,0.232359844000908,31.6720789144674,0.291146884533138,3833,1.42321039344611
"3","35-44",42.8092760157319,0.245538646017915,35.5675752515409,0.307659923460448,3056,1.42321039344611
"4","45-54",44.9434258849813,0.250092182340092,35.9845080543092,0.313365504472135,3209,1.42321039344611
"5","55-64",46.2012107957757,0.256513874273543,37.3309816952562,0.32141188446475,2735,1.42321039344611
"6","65+",47.2441227895604,0.193534984121199,38.079026175791,0.242499335103863,2531,1.42321039344611
