"","mean_week_spend","se_week_spend","median_week_spend","se_median_week_spend","sample_tkit","upshift"
"1",45.9266374136157,0.103350658580097,36.4290650151547,0.129498375200862,18985,1.79642115272792
