"","Sex","mean_week_spend","se_week_spend","median_week_spend","se_median_week_spend","sample_tkit","upshift"
"1","Male",36.8720387781973,0.118352922424991,29.3384121492953,0.148296211798513,9848,1.41711408724365
"2","Female",35.8636018730514,0.115210198222023,29.0701269132698,0.144358378372195,8866,1.41711408724365
