"","mean_week_spend","se_week_spend","median_week_spend","se_median_week_spend","sample_tkit","upshift"
"1",36.3852694585747,0.0818793138999361,28.8608402736531,0.10259478031662,18985,1.42321039344611
