"","Sex","mean_week_spend","se_week_spend","median_week_spend","se_median_week_spend","sample_tkit","upshift"
"1","Male",50.4825142191858,0.160490968166927,40.2618762963743,0.20109518311316,9984,1.718739869
"2","Female",49.0493403730525,0.156221075133473,39.005502998277,0.195745007142241,8994,1.718739869
