"","Ageband","mean_week_spend","se_week_spend","median_week_spend","se_median_week_spend","sample_tkit","upshift"
"1","16-24",35.8673115678472,0.249324160839483,24.574027436827,0.312403173531873,3779,1.95082416677155
"2","25-34",44.7540623365443,0.285524521893167,35.4530288094477,0.357762225932138,4057,1.95082416677155
"3","35-44",48.7387869828513,0.303494447514281,39.016483335431,0.380278542735395,3241,1.95082416677155
"4","45-54",51.0093926781403,0.309711755012657,41.0763761665827,0.388068829030859,3402,1.95082416677155
"5","55-64",51.6594157954663,0.318349907760958,41.0763761665827,0.39889243442448,2958,1.95082416677155
"6","65+",50.0436728119574,0.244750984794276,40.4894210452417,0.306672983947228,2892,1.95082416677155
