"","Sex","mean_week_spend","se_week_spend","median_week_spend","se_median_week_spend","sample_tkit","upshift"
"1","Male",23.8804267823074,0.0842141017205406,18.8993229613463,0.105520269455837,10886,1
"2","Female",23.7371520257896,0.0816116790165187,19.5857385789135,0.102259433807698,9532,1
