"","mean_week_spend","se_week_spend","median_week_spend","se_median_week_spend","sample_tkit","upshift"
"1",46.4522179832199,0.114497063352309,37.3623692195254,0.143464820380444,20427,1.95082416677155
