"","Sex","mean_week_spend","se_week_spend","median_week_spend","se_median_week_spend","sample_tkit","upshift"
"1","Male",46.0703569243255,0.16246668284845,36.4607618781088,0.203570753609107,10886,1.92920994856165
"2","Female",45.7939498386737,0.157446063077488,37.7850017163676,0.197279917036092,9532,1.92920994856165
