"","Ageband","mean_week_spend","se_week_spend","median_week_spend","se_median_week_spend","sample_tkit","upshift"
"1","16-24",34.1675143051885,0.233005998908094,22.6983759923808,0.291956516631842,3357,1.718739869
"2","25-34",41.6741324859442,0.247584702146346,33.7473209198889,0.310223631789371,3833,1.718739869
"3","35-44",45.6142579068622,0.261627015636682,37.8980609260784,0.327818650592763,3056,1.718739869
"4","45-54",47.8882431644513,0.266478912223573,38.3423123165555,0.333898077016137,3209,1.718739869
"5","55-64",49.2284416132933,0.273321371132321,39.7770106258746,0.342471678028798,2735,1.718739869
"6","65+",50.3396880786896,0.206215930315212,40.5740690449046,0.258388560684961,2531,1.718739869
