"","grade_2cat","mean_week_spend","se_week_spend","median_week_spend","se_median_week_spend","sample_tkit","upshift"
"1","ABC1",36.4859853469326,0.115088846494696,28.3627783225204,0.144206324657854,7609,1.4422140311128
"2","C2DE",37.1028808961925,0.122869991240687,29.908109915952,0.153956099024581,11376,1.4422140311128
