"","mean_week_spend","se_week_spend","sample_tkit","upshift"
"1",23.8115862897549,0.059162884088381,20427,1
"2",37.4201559710789,0.092975088822143,20427,2
"3",45.3802434859045,0.112752928452072,20427,3
"4",50.6868170059938,0.125937778476558,20427,4
"5",61.6936553870921,0.153285654228987,20427,5
