"","Ageband","mean_week_spend","se_week_spend","median_week_spend","se_median_week_spend","sample_tkit","upshift"
"1","16-24",32.0925370874463,0.207252210003151,21.4031559533779,0.259687019133949,3543,1.63681370508452
"2","25-34",39.6876760880569,0.235783227556239,32.1387071934849,0.295436384127967,3833,1.63681370508452
"3","35-44",43.4399898645814,0.249156194336517,36.0915963135392,0.312192711503655,3056,1.63681370508452
"4","45-54",45.6055824024141,0.253776818418331,36.5146718338963,0.317982353478169,3209,1.63681370508452
"5","55-64",46.881898398897,0.260293121856869,37.880983221507,0.326147281686656,2735,1.63681370508452
"6","65+",47.9401757316651,0.196386356675999,38.6400487249914,0.246072104915027,2531,1.63681370508452
