"","mean_week_spend","se_week_spend","median_week_spend","se_median_week_spend","sample_tkit","upshift"
"1",41.238599661214,0.0928009685430157,32.7105077313352,0.116279613584399,18985,1.42321039344611
