"","grade_2cat","mean_week_spend","se_week_spend","median_week_spend","se_median_week_spend","sample_tkit","upshift"
"1","ABC1",45.4469270450637,0.143354615768509,35.328664005158,0.179623333557942,7609,1.79642115272792
"2","C2DE",46.2153318655737,0.153046806187258,37.253528347434,0.191767648152635,11376,1.79642115272792
