"","grade_2cat","mean_week_spend","se_week_spend","median_week_spend","se_median_week_spend","sample_tkit","upshift"
"1","ABC1",25.4033681830061,0.0807773993181727,19.6817820206842,0.10121408134567,7510,1
"2","C2DE",25.8490291853012,0.0865269609400709,20.7724601175483,0.108418282057909,11211,1
