"","Ageband","mean_week_spend","se_week_spend","median_week_spend","se_median_week_spend","sample_tkit","upshift"
"1","16-24",30.1217531296561,0.194524972839638,20.0888006475302,0.243739790968066,3543,1.53629793149261
"2","25-34",37.2504790804413,0.221303917269312,30.1650879564501,0.277293808338448,3833,1.53629793149261
"3","35-44",40.7723654596173,0.233855657970554,33.8752324644627,0.293021139437105,3056,1.53629793149261
"4","45-54",42.8049702245905,0.238192532226339,34.2723271642265,0.298455242879603,3209,1.53629793149261
"5","55-64",44.0029084012057,0.244308673276787,35.5547341675652,0.306118767615814,2735,1.53629793149261
"6","65+",44.9961975410917,0.184326385218731,36.2671859018389,0.230960960679069,2531,1.53629793149261
