"","grade_2cat","mean_week_spend","se_week_spend","median_week_spend","se_median_week_spend","sample_tkit","upshift"
"1","ABC1",39.8200036684741,0.139426976508182,29.944805886662,0.174702001564752,8329,1.718739869
"2","C2DE",41.6098276272065,0.149563310082564,33.7741257816203,0.187402827533453,12098,1.718739869
