"","mean_week_spend","se_week_spend","median_week_spend","se_median_week_spend","sample_tkit","upshift"
"1",42.6182279579693,0.0959056045689731,33.8048305851208,0.120169722524923,18985,1.66701266426222
