"","grade_2cat","mean_week_spend","se_week_spend","median_week_spend","se_median_week_spend","sample_tkit","upshift"
"1","ABC1",23.1681386966617,0.0811216281317215,17.4225352112676,0.101645400049047,8329,1
"2","C2DE",24.2094969562881,0.0870191660647187,19.6505162827641,0.109035015079093,12098,1
