"","grade_2cat","mean_week_spend","se_week_spend","median_week_spend","se_median_week_spend","sample_tkit","upshift"
"1","ABC1",42.1730744045613,0.133027803421074,32.7836989776211,0.166683837686606,7609,1.66701266426222
"2","C2DE",42.8861257762428,0.142021799148613,34.5699021909869,0.177953314333212,11376,1.66701266426222
