"","mean_week_spend","se_week_spend","median_week_spend","se_median_week_spend","sample_tkit","upshift"
"1",46.1214292485257,0.113681723625664,37.0963097852102,0.142443199702957,20427,1.93693224329073
