"","grade_2cat","mean_week_spend","se_week_spend","median_week_spend","se_median_week_spend","sample_tkit","upshift"
"1","ABC1",44.8751148585956,0.157127097156572,33.7462702105723,0.196880252737184,8329,1.93693224329073
"2","C2DE",46.8921552484832,0.168550228535024,38.0617185853953,0.211193436354385,12098,1.93693224329073
