"","Sex","mean_week_spend","se_week_spend","median_week_spend","se_median_week_spend","sample_tkit","upshift"
"1","Male",39.8132798715572,0.126571981037717,31.7527241646844,0.158594692240259,9984,1.53629793149261
"2","Female",38.6830003614488,0.123204509171628,30.7618792649411,0.15437524999205,8994,1.53629793149261
